scenario_id,model,intent,tone,fact_recall,tone_alignment,conciseness,average_score,generated_email
1,Model_A,Follow up after a client meeting,Professional and warm,0.75,0.9,1.0,0.883,"Subject: Next Steps After Our Meeting on Monday  Dear Priya,  I wanted to personally thank you for taking the time to meet with me on Monday. I truly appreciated the opportunity to discuss how our software solution can support your team's growth and success. Our conversation about the 50-seat software license was particularly insightful, and I'm excited about the potential for our product to make "
2,Model_A,Request urgent budget approval,Urgent but respectful,0.75,0.9,0.943,0.864,"Subject: Urgent: Budget Approval Required for Project Continuation  Dear James,  I hope this email finds you well. I am writing to bring to your attention a pressing matter that requires your prompt approval. As you are aware, our current project is progressing on a tight timeline, and I am facing a critical deadline of this Friday.  In order to meet this deadline and ensure the project's continue"
3,Model_A,Apologize for missing a deadline,Apologetic and empathetic,0.75,0.9,1.0,0.883,"Subject: Apology for Missed Deadline and Revised Delivery Schedule  Dear Mark,  I am writing to express my sincerest apologies for missing the deadline that was set for yesterday. I understand the importance of meeting timelines, and I regret any inconvenience this may have caused you.  Unfortunately, our team encountered an unexpected technical issue that hindered our ability to complete the task"
4,Model_A,Request a letter of recommendation,Humble and respectful,0.75,0.9,0.729,0.793,"Subject: Request for Letter of Recommendation for Stanford MBA Application  Dear Dr. Park,  I hope this email finds you well. As I continue to pursue my academic and professional goals, I am writing to ask if you would be willing to provide a letter of recommendation in support of my application to the Stanford MBA program. Your endorsement would carry significant weight, and I would be grateful f"
5,Model_A,Introduce a new product to a potential client,Enthusiastic and persuasive,0.75,0.9,0.776,0.809,"Subject: Revolutionize Your Reporting with Our AI-Powered Analytics Dashboard  Dear Sarah,  I am thrilled to introduce you to a game-changing solution that can transform the way your team approaches reporting. Our AI-powered analytics dashboard is designed to help organizations like yours make data-driven decisions faster and more efficiently. By leveraging the power of artificial intelligence, ou"
6,Model_A,Decline a meeting invitation politely,Polite and friendly,0.25,0.9,1.0,0.717,"Subject: Alternative to Wednesday's Meeting  Hi Raj,  I hope you're doing well. I appreciate you thinking of me for the meeting on Wednesday at 3pm. Unfortunately, I have a prior commitment at that time and won't be able to attend.  Would it be possible to schedule an alternative time? I was thinking Thursday might work better for me – would you be available then? I'm looking forward to catching u"
7,Model_A,Send a project status update to stakeholders,Confident and informative,1.0,0.9,0.876,0.925,"Subject: Project Status Update: On Track for June 15 Delivery  Dear Stakeholders,  I am pleased to provide a progress update on our current project, and I am confident to report that we are on track to meet our scheduled delivery date of June 15. As of today, we have successfully completed approximately 70% of the project scope.  Notably, we have finalized the design and development phases, which "
8,Model_A,Negotiate a better pricing deal with a vendor,Assertive but collaborative,1.0,0.9,0.748,0.883,"Subject: Contract Renewal and Pricing Discussion  Dear [Vendor Representative],  I hope this email finds you well. As our current contract approaches its renewal date, I wanted to touch base with you to discuss the terms and pricing for the next two years. Over the past three years, we've developed a strong partnership, and I appreciate the quality of service your team has provided to our organiza"
9,Model_A,Welcome a new team member,Warm and welcoming,1.0,0.9,0.971,0.957,"Subject: A Warm Welcome to Ayesha Khan - Data Analyst  Dear Ayesha,  On behalf of the entire team, I would like to extend a warm welcome to you as you join our crew as a Data Analyst on Monday. We are thrilled to have you on board and are excited to see the valuable contributions we know you will make.  As you prepare to start, I wanted to take a moment to introduce you to some of the tools we use"
10,Model_A,Request feedback on a submitted proposal,Patient but persistent,0.5,0.9,1.0,0.8,"Subject: Following Up on Consulting Proposal Submission  Dear Tom,  I hope this email finds you well. It has been a week since I submitted our proposal for the 6-month consulting engagement, and I wanted to express my continued interest in the opportunity to collaborate with your team.  As we outlined in our submission, our approach is designed to drive meaningful impact and support your strategic"
1,Model_B,Follow up after a client meeting,Professional and warm,0.75,0.9,1.0,0.883,"Subject: Follow Up – Next Steps on 50-Seat Software License  Dear Priya,  I wanted to thank you again for taking the time to meet with me on Monday. I  appreciated learning more about your current software solutions and how our  product can support your growing team.  As we discussed, the next step in the evaluation process is a technical demo,  which I'd be happy to set up at your convenience. Th"
2,Model_B,Request urgent budget approval,Urgent but respectful,1.0,0.9,1.0,0.967,"INTENT: Request urgent budget approval FACTS: - Deadline is this Friday - Budget needed: $15,000 - Project will stall without approval - Decision maker is CFO James Reed TONE: Urgent but respectful  OUTPUT: Subject: Urgent Budget Request – Project Timeline at Risk  Dear James,  I'm writing with a high priority request regarding the upcoming project timeline,  which is at risk due to a pending budg"
3,Model_B,Apologize for missing a deadline,Apologetic and empathetic,0.75,0.9,1.0,0.883,"Based on the provided information, here's a draft email:   Subject: Apology for Missing Yesterday's Deadline – New Delivery Date  Dear Mark,  I want to start by extending my sincerest apologies for missing yesterday's deadline.  I understand the importance of timely delivery, and I'm deeply sorry for any  inconvenience this has caused.  Unfortunately, an unexpected technical issue arose just hours"
4,Model_B,Request a letter of recommendation,Humble and respectful,1.0,0.9,0.862,0.921,"INTENT: Request a letter of recommendation FACTS: - Applying for MBA program at Stanford - Application deadline is December 1st - Professor is Dr. Linda Park - Worked together on AI research project TONE: Humble and respectful  OUTPUT:  Subject: Request for MBA Program Recommendation  Dear Dr. Park,  I hope this email finds you well. I wanted to express my sincere gratitude for  the valuable exper"
5,Model_B,Introduce a new product to a potential client,Enthusiastic and persuasive,1.0,0.9,0.871,0.924,"**INTENT: Introduce a new product to a potential client** **FACTS:** - Product: AI-powered analytics dashboard - Key benefit: reduces reporting time by 60% - Free trial available for 30 days - Contact is Sarah Johnson, Head of Operations **TONE: Enthusiastic and persuasive**  **OUTPUT:**  Subject: Unlock Faster Insights with Our AI-Powered Analytics Dashboard  Dear Sarah,  I'm thrilled to introduc"
6,Model_B,Decline a meeting invitation politely,Polite and friendly,0.5,0.9,1.0,0.8,"Subject: Rescheduling Our Meeting  Hi Raj,  Thank you for inviting me to meet on Wednesday at 3pm. I appreciate your time,  and I'm looking forward to catching up with you.  Unfortunately, I have a prior commitment that I won't be able to reschedule.  However, would you be available to meet on Thursday instead? I'd be glad to  adjust our agenda as needed to accommodate your schedule.  Please let m"
7,Model_B,Send a project status update to stakeholders,Confident and informative,1.0,0.9,1.0,0.967,"INTENT: Send a project status update to stakeholders FACTS: - Project is 70% complete - On track for June 15 delivery - Completed: design and development phases - Remaining: testing and deployment TONE: Confident and informative  OUTPUT: Subject: Project Update – Progress and Milestones (May 2024)  Dear Stakeholders,  I'm pleased to share a recent project update, reflecting our significant progres"
8,Model_B,Negotiate a better pricing deal with a vendor,Assertive but collaborative,1.0,0.9,1.0,0.967,"Subject: Reviewing Pricing for Future Partnership  Dear [Vendor Name],  I hope this email finds you well. As we approach the end of our current contract,  I'd like to discuss the pricing for our ongoing partnership. Our team has been  satisfied with the service and support you've provided over the past three years,  and we're considering a two-year renewal.  However, I've recently been made aware "
9,Model_B,Welcome a new team member,Warm and welcoming,1.0,0.8,0.857,0.886,"Before drafting, I've identified the relationship between the sender and recipient (colleagues), the desired action or response is to make Ayesha feel welcome, and the tone is warm and welcoming.  Here's the email:  Subject: Welcome to the Team, Ayesha!  Dear Team,  I'm thrilled to announce that Ayesha Khan will be joining our team as a Data Analyst, starting on Monday! We're all looking forward t"
10,Model_B,Request feedback on a submitted proposal,Patient but persistent,1.0,0.8,1.0,0.933,"INTENT: Request feedback on a submitted proposal FACTS: - Proposal was submitted last Tuesday - No response received yet - Proposal is for a 6-month consulting engagement - Recipient is Director of Strategy, Tom Bailey TONE: Patient but persistent  OUTPUT: Subject: Checking in on Proposal Status – 6-Month Consulting Engagement  Hi Tom,  I wanted to follow up on our proposal submitted last Tuesday "
